name,message,time_stamp
divya,Hello,2
divya,Hi,3
divya,OO,1
divya,Hi,3
divya,Whatsapp,10
divya123,kya kar rahe hai,12
divya,ok,1475833641626
divya,chal bye,1475833698013
divya,chal bye,1475834113959
divya,kal milte hai,1475834149934
divya,ok,1475834241083
divya,:(,1475834456404
Pooja,hi dhanno,1475834582726
Pooja,mai toh maast,1475834622045
Pooja,tu bata,1475834631621
Pooja,ye kya ho gaya yaar,1475838178740
Pooja,kljqdluwirjpo,1475838358794
divya,hii,1475840297370
divya,gm,1475840803855
divya,ga,1475841334193